Date,Open,High,Low,Close,Volume,Dividends,Stock_Splits
2024-10-15 00:00:00-04:00,419.0341202543948,419.3319029797755,412.16570156748736,415.6197509765625,18900200,0.0,0.0
2024-10-16 00:00:00-04:00,412.0763537374333,413.2574585271856,407.421299078938,413.0192565917969,15508900,0.0,0.0
2024-10-17 00:00:00-04:00,419.2127339196968,419.35170523704693,412.49319205621896,413.6147766113281,14820000,0.0,0.0
2024-10-18 00:00:00-04:00,414.0317093019109,416.5229855206573,413.15826174706064,415.0440979003906,17145300,0.0,0.0
2024-10-21 00:00:00-04:00,413.01924141063614,415.8380752730999,410.6669065146117,415.659423828125,14206100,0.0,0.0
2024-10-22 00:00:00-04:00,415.37159535996557,427.37150260733677,414.92496672704124,424.32440185546875,25482200,0.0,0.0
2024-10-23 00:00:00-04:00,427.6493981928425,427.86776005710016,419.3814831724278,421.4360656738281,19654400,0.0,0.0
2024-10-24 00:00:00-04:00,422.1605988036373,422.80577949754775,419.2524392532927,421.5650939941406,13581600,0.0,0.0
2024-10-25 00:00:00-04:00,423.5799681906594,429.29702642206786,423.3913815699701,424.9595947265625,16899100,0.0,0.0
2024-10-28 00:00:00-04:00,428.4434829749879,428.7213953393787,423.1234073407083,423.4112548828125,14882400,0.0,0.0
2024-10-29 00:00:00-04:00,424.8107144355948,429.94220298203743,422.62709584345464,428.7312927246094,17644100,0.0,0.0
2024-10-30 00:00:00-04:00,434.1803619383898,435.2324607886903,428.8801572707895,429.30694580078125,29749100,0.0,0.0
2024-10-31 00:00:00-04:00,412.2649237627877,413.05898072406984,403.2724369212272,403.32208251953125,53971000,0.0,0.0
2024-11-01 00:00:00-04:00,405.9622215000355,412.40385077597955,404.4634637574288,407.31207275390625,24230400,0.0,0.0
2024-11-04 00:00:00-05:00,406.7463014364753,407.3617068567998,402.54784130454914,405.4162902832031,19672300,0.0,0.0
2024-11-05 00:00:00-05:00,405.3269805306338,411.8083202953773,405.039133016745,408.3939514160156,17626000,0.0,0.0
2024-11-06 00:00:00-05:00,409.3468556567166,417.3170187046076,407.46098932083436,417.04901123046875,26681800,0.0,0.0
2024-11-07 00:00:00-05:00,418.14078738908074,423.66928922885575,416.75122569160607,422.2598571777344,19901800,0.0,0.0
2024-11-08 00:00:00-05:00,422.15070185689933,423.3219017245024,418.6370719639162,419.39141845703125,16891400,0.0,0.0
2024-11-11 00:00:00-05:00,419.37154486777723,421.6444892164841,412.90014011467326,414.8951721191406,24503300,0.0,0.0
2024-11-12 00:00:00-05:00,415.1333664626366,421.27724345465793,414.09120276331856,419.87774658203125,19401200,0.0,0.0
2024-11-13 00:00:00-05:00,418.4981158636683,426.13078508233804,415.0936518803662,422.0315856933594,21502200,0.0,0.0
2024-11-14 00:00:00-05:00,421.83308381585454,424.9794756745813,416.87034165331505,423.7090148925781,30246900,0.0,0.0
2024-11-15 00:00:00-05:00,416.69168340974903,419.64945830467593,410.5577414665236,411.9075927734375,28247600,0.0,0.0
2024-11-18 00:00:00-05:00,411.77857411978533,415.28226896658396,409.0292257942814,412.6619567871094,24727000,0.0,0.0
2024-11-19 00:00:00-05:00,410.03166915459735,414.82569505476647,408.48329602030253,414.67681884765625,18133500,0.0,0.0
2024-11-20 00:00:00-05:00,413.76364252316546,414.18052617467214,407.52050466835993,412.3939208984375,19191700,0.0,0.0
2024-11-21 00:00:00-05:00,417.2074811714516,417.48594978990576,408.047821251109,410.61370849609375,20780200,0.83,0.0
2024-11-22 00:00:00-05:00,409.1218929874132,415.11893833486243,408.8135895391823,414.72113037109375,24814600,0.0,0.0
2024-11-25 00:00:00-05:00,416.09361024787086,418.778836873561,412.58290247238904,416.5013732910156,27691100,0.0,0.0
2024-11-26 00:00:00-05:00,417.29700327286355,426.69537265560376,416.5610569682543,425.6510925292969,23458900,0.0,0.0
2024-11-27 00:00:00-05:00,422.78681538537654,424.8952553598379,419.71370546967114,420.67840576171875,18332400,0.0,0.0
2024-11-29 00:00:00-05:00,417.7942952020102,422.55812738435895,415.5168010593915,421.1458740234375,16271900,0.0,0.0
2024-12-02 00:00:00-05:00,419.26617676175783,430.63370587040276,419.0075879189551,428.624755859375,20207200,0.0,0.0
2024-12-03 00:00:00-05:00,427.4909833141871,430.1066156030698,425.40245343840513,428.84356689453125,18302000,0.0,0.0
2024-12-04 00:00:00-05:00,430.6635477279166,437.2672755840065,430.26573974460115,435.0295715332031,26009400,0.0,0.0
2024-12-05 00:00:00-05:00,435.5268443828614,442.2300015529848,433.7864078777922,440.2011413574219,21697800,0.0,0.0
2024-12-06 00:00:00-05:00,439.88285607578405,443.6621076103015,439.3557536946216,441.14593505859375,18821000,0.0,0.0
2024-12-09 00:00:00-05:00,440.1812568830996,445.8799237829371,438.09272702914495,443.5825500488281,19144400,0.0,0.0
2024-12-10 00:00:00-05:00,441.961461676973,447.16286075507645,439.186700287295,440.9072265625,18469500,0.0,0.0
2024-12-11 00:00:00-05:00,441.62334015579273,447.8889300799693,441.62334015579273,446.5363464355469,19200200,0.0,0.0
2024-12-12 00:00:00-05:00,446.65565750056305,453.66714837494953,446.65565750056305,447.10321044921875,20834800,0.0,0.0
2024-12-13 00:00:00-05:00,445.98933356109154,448.9629838704377,443.14494732322726,444.8257141113281,20177800,0.0,0.0
2024-12-16 00:00:00-05:00,444.82570192667384,449.70887289523523,442.84658679582157,449.1221008300781,23598800,0.0,0.0
2024-12-17 00:00:00-05:00,448.5453123373024,452.80192160914675,447.1131792784758,451.9764404296875,22733500,0.0,0.0
2024-12-18 00:00:00-05:00,448.8536235978926,450.17634202962637,434.6317523490202,434.999755859375,24444500,0.0,0.0
2024-12-19 00:00:00-05:00,439.2066057877418,440.7580781855559,433.9355816606558,434.6416931152344,22963700,0.0,0.0
2024-12-20 00:00:00-05:00,430.7431322726768,441.3150464611244,426.28763393531244,434.2140808105469,64263700,0.0,0.0
2024-12-23 00:00:00-05:00,434.35327712310794,435.25830776300677,430.4646409959487,432.8714294433594,19152500,0.0,0.0
2024-12-24 00:00:00-05:00,432.27472070918293,437.1976821134136,431.8172430131867,436.92913818359375,7164500,0.0,0.0
2024-12-26 00:00:00-05:00,436.6804901261448,438.5303413291557,434.24389716434194,435.7157897949219,8194200,0.0,0.0
2024-12-27 00:00:00-05:00,432.22498090820386,432.8415878431465,424.020065946368,428.1772155761719,18117700,0.0,0.0
2024-12-30 00:00:00-05:00,423.7316203926744,425.21346797282456,419.5943507529856,422.5083312988281,13158700,0.0,0.0
2024-12-31 00:00:00-05:00,423.77143145899026,424.3979934566231,418.36115784079396,419.1965637207031,13246500,0.0,0.0
2025-01-02 00:00:00-05:00,423.2045424399656,423.74159992080814,412.5829142901712,416.2925109863281,16896500,0.0,0.0
2025-01-03 00:00:00-05:00,418.77885425500915,421.712745134401,417.2472919522773,421.0364685058594,16662900,0.0,0.0
2025-01-06 00:00:00-05:00,425.66104554069966,431.9465149926899,423.15482788109534,425.5118713378906,20573600,0.0,0.0
2025-01-07 00:00:00-05:00,426.655570865203,428.29654775990844,418.50037065706186,420.0617980957031,18139100,0.0,0.0
2025-01-08 00:00:00-05:00,421.145842919639,424.6366709818625,419.2363524426034,422.2398376464844,15054600,0.0,0.0
2025-01-10 00:00:00-05:00,422.30944402253056,422.38899347611215,412.7519459369572,416.6604919433594,20201100,0.0,0.0
2025-01-13 00:00:00-05:00,412.97077003054903,416.21296436365594,410.03690951971083,414.9101257324219,17604800,0.0,0.0
2025-01-14 00:00:00-05:00,415.5267269300622,417.4461724776856,408.4754763868852,413.3984375,16935900,0.0,0.0
2025-01-15 00:00:00-05:00,416.83950040874134,425.8101960648602,415.984184442192,423.9802551269531,19637800,0.0,0.0
2025-01-16 00:00:00-05:00,426.35721474684357,427.1428756329152,422.07077084126166,422.25970458984375,15300000,0.0,0.0
2025-01-17 00:00:00-05:00,431.717739483304,432.1056227420966,425.8301086663914,426.6853942871094,26197500,0.0,0.0
2025-01-21 00:00:00-05:00,427.8490471438773,428.54520356031776,423.2741792396476,426.1583251953125,26085700,0.0,0.0
2025-01-22 00:00:00-05:00,435.168798403502,444.8257262250376,433.6173259954359,443.7615966796875,27803800,0.0,0.0
2025-01-23 00:00:00-05:00,439.58451646364995,444.3085582129765,439.08724891108926,444.2687683105469,18389300,0.0,0.0
2025-01-24 00:00:00-05:00,442.727264983927,444.20911262497947,438.98780315861995,441.6332702636719,15549500,0.0,0.0
2025-01-27 00:00:00-05:00,421.6928472557325,432.82169771122886,421.185624630697,432.1851806640625,35647800,0.0,0.0
2025-01-28 00:00:00-05:00,432.22498499378844,445.9296782334323,429.02258057650255,444.7561340332031,23491700,0.0,0.0
2025-01-29 00:00:00-05:00,444.2489087647689,444.4378728714111,437.9932741704639,439.9127197265625,23581400,0.0,0.0
2025-01-30 00:00:00-05:00,416.4814791520961,420.5491243253889,410.9021514578089,412.7221374511719,54586300,0.0,0.0
2025-01-31 00:00:00-05:00,416.69033910532374,418.39098567699745,412.64257384774635,412.791748046875,34161900,0.0,0.0
2025-02-03 00:00:00-05:00,409.350684594608,413.1398611878705,406.4267487485119,408.6744079589844,25679100,0.0,0.0
2025-02-04 00:00:00-05:00,410.43471361041793,411.65800277159144,407.5008227766752,410.116455078125,20532100,0.0,0.0
2025-02-05 00:00:00-05:00,410.09656765354515,411.5684602240434,408.15721200628155,411.03143310546875,16316700,0.0,0.0
2025-02-06 00:00:00-05:00,411.73754619066034,415.914605901032,411.73754619066034,413.547607421875,16309800,0.0,0.0
2025-02-07 00:00:00-05:00,414.2040051086223,416.36212936115334,405.86979579790295,407.5107727050781,22886800,0.0,0.0
2025-02-10 00:00:00-05:00,411.44910220554453,413.18953860720654,408.67437116632954,409.9672546386719,20817900,0.0,0.0
2025-02-11 00:00:00-05:00,407.4013772616106,410.2357780460881,407.06320861531077,409.1915283203125,18140600,0.0,0.0
2025-02-12 00:00:00-05:00,404.9846103219084,408.5052729067791,402.16013441426566,406.80462646484375,19121700,0.0,0.0
2025-02-13 00:00:00-05:00,404.775785007703,408.7539254008991,404.13926797640636,408.29644775390625,23891700,0.0,0.0
2025-02-14 00:00:00-05:00,405.5614808415711,406.6753553081934,403.66191514014076,406.1979675292969,22758500,0.0,0.0
2025-02-18 00:00:00-05:00,405.7703150781147,408.3561123718122,404.27851244915104,407.4013671875,21423100,0.0,0.0
2025-02-19 00:00:00-05:00,405.65096511764483,413.21936235564965,405.4222111275627,412.5032958984375,24114200,0.0,0.0
2025-02-20 00:00:00-05:00,413.84867949906476,417.8547165109783,411.10822380495836,414.6857604980469,23508700,0.83,0.0
2025-02-21 00:00:00-05:00,415.8915301727366,416.59905745325864,406.4743466307379,406.793212890625,27524800,0.0,0.0
2025-02-24 00:00:00-05:00,407.09219625426255,407.9491968592537,397.93408950529806,402.59783935546875,26443700,0.0,0.0
2025-02-25 00:00:00-05:00,399.7078876937612,400.5250489764073,395.32316508227535,396.51898193359375,29387400,0.0,0.0
2025-02-26 00:00:00-05:00,396.6286198264506,402.1992147309307,392.8816600835235,398.3426513671875,19619000,0.0,0.0
2025-02-27 00:00:00-05:00,399.8773203400045,404.33180773998396,390.8089276067015,391.16766357421875,21127400,0.0,0.0
2025-02-28 00:00:00-05:00,391.29719366600983,396.24994544118493,385.2283339547379,395.6121520996094,32845700,0.0,0.0
2025-03-03 00:00:00-05:00,397.4358274187669,397.4358274187669,384.8197626823639,387.14166259765625,23007700,0.0,0.0
2025-03-04 00:00:00-05:00,382.06932141422595,391.21745294280987,379.67765721488945,387.26123046875,29342900,0.0,0.0
2025-03-05 00:00:00-05:00,387.9887187604894,400.27594221038044,387.4605594414927,399.628173828125,23433100,0.0,0.0
2025-03-06 00:00:00-05:00,392.91158534383527,400.7542663515353,391.3171323240562,395.5125427246094,23304600,0.0,0.0
2025-03-07 00:00:00-05:00,390.9583919892802,393.42976525122566,384.20192438386283,391.9449462890625,22034100,0.0,0.0
2025-03-10 00:00:00-04:00,384.50088617849997,385.0589401894391,375.9108079261914,378.8406066894531,32840100,0.0,0.0
2025-03-11 00:00:00-04:00,377.6845980126396,384.6603029891263,375.60185546191633,379.12957763671875,30380200,0.0,0.0
2025-03-12 00:00:00-04:00,381.62092254273574,383.883033194115,377.634805186652,381.9397888183594,24253600,0.0,0.0
2025-03-13 00:00:00-04:00,381.8301614244045,383.9826683121219,376.139987768004,377.45538330078125,20473000,0.0,0.0
2025-03-14 00:00:00-04:00,378.46189966674945,388.87564310802037,378.19284770158055,387.21142578125,19952800,0.0,0.0
2025-03-17 00:00:00-04:00,385.35789354291256,391.3470139725856,384.23181056492524,387.3509521484375,22474300,0.0,0.0
2025-03-18 00:00:00-04:00,385.7266010485673,386.02554767204197,379.77731994813644,382.18890380859375,19486900,0.0,0.0
2025-03-19 00:00:00-04:00,384.1919687568245,388.32755958105986,382.66728002942375,386.4740295410156,19185500,0.0,0.0
2025-03-20 00:00:00-04:00,384.4011872193827,390.4302074924951,381.9497337537801,385.49737548828125,18470500,0.0,0.0
2025-03-21 00:00:00-04:00,381.8899648927027,390.38038369901005,381.47140919973003,389.9020690917969,39675900,0.0,0.0
2025-03-24 00:00:00-04:00,394.02768406346627,394.02768406346627,388.45708885622673,391.7157287597656,21004500,0.0,0.0
2025-03-25 00:00:00-04:00,392.552857032296,394.98436068056907,391.2773006739415,393.7885437011719,15775000,0.0,0.0
2025-03-26 00:00:00-04:00,393.6290879777552,393.93800963918454,387.2214116418782,388.6165466308594,16108400,0.0,0.0
2025-03-27 00:00:00-04:00,388.7759758195498,390.87863801869304,386.05543991632794,389.2243957519531,13766800,0.0,0.0
2025-03-28 00:00:00-04:00,386.7330813092454,387.77945533191945,375.6217855831935,377.48529052734375,21632000,0.0,0.0
2025-03-31 00:00:00-04:00,371.2470435423123,375.761320171641,365.96541986866765,374.087158203125,35184700,0.0,0.0
2025-04-01 00:00:00-04:00,373.34971607028785,381.52126893067276,371.93466141936483,380.8635559082031,19689500,0.0,0.0
2025-04-02 00:00:00-04:00,376.6581801475031,383.74348886180815,375.3128595122782,380.813720703125,16092600,0.0,0.0
2025-04-03 00:00:00-04:00,373.4892252977989,376.16989155085776,368.06810346654436,371.8150329589844,30198000,0.0,0.0
2025-04-04 00:00:00-04:00,362.86624500843976,373.2899337218873,358.2323895120423,358.59112548828125,49209900,0.0,0.0
2025-04-07 00:00:00-04:00,349.66222551139305,369.7123913004176,343.5933653790687,356.61798095703125,50425000,0.0,0.0
2025-04-08 00:00:00-04:00,366.98190125867967,372.35317854006513,349.0343982710952,353.3294372558594,35868900,0.0,0.0
2025-04-09 00:00:00-04:00,352.3129663406882,391.865215467322,351.8744910293168,389.13470458984375,50199700,0.0,0.0
2025-04-10 00:00:00-04:00,380.7339860356081,382.56759631800514,366.5234683324548,380.0264587402344,38024400,0.0,0.0
2025-04-11 00:00:00-04:00,379.31894538802237,388.6962597846969,377.57501903009035,387.1018371582031,23839200,0.0,0.0
2025-04-14 00:00:00-04:00,391.8552468593249,393.28027643878613,382.8765082652718,386.4640197753906,19251200,0.0,0.0
2025-04-15 00:00:00-04:00,387.16161616456134,390.5298901348079,382.82670753665025,384.3912658691406,17199900,0.0,0.0
2025-04-16 00:00:00-04:00,379.34883521582236,380.2855448116978,366.72279516422714,370.32025146484375,21967800,0.0,0.0
2025-04-17 00:00:00-04:00,372.45282110026085,373.02085009277744,365.61664478749583,366.5035400390625,21120200,0.0,0.0
2025-04-21 00:00:00-04:00,361.5607667541322,363.21500903617533,354.43558836453434,357.87359619140625,20807300,0.0,0.0
2025-04-22 00:00:00-04:00,362.1188421014038,366.4935901583944,358.611039306251,365.5469055175781,19485000,0.0,0.0
2025-04-23 00:00:00-04:00,374.75479353400954,379.06978228856406,371.7253360485286,373.0906066894531,20545500,0.0,0.0
2025-04-24 00:00:00-04:00,374.3960646492269,387.10181303671203,373.8878249819962,385.9557800292969,22232300,0.0,0.0
2025-04-25 00:00:00-04:00,385.65684745985266,390.79894240871675,383.2651831703409,390.4900207519531,18973200,0.0,0.0
2025-04-28 00:00:00-04:00,390.59960994479576,391.3769015704532,385.2980972626593,389.8023986816406,16579400,0.0,0.0
2025-04-29 00:00:00-04:00,389.9419132819562,393.7287429695286,389.02512333213684,392.67242431640625,14974000,0.0,0.0
2025-04-30 00:00:00-04:00,388.94537633492024,395.2833185411371,383.10572919383554,393.88818359375,36461100,0.0,0.0
2025-05-01 00:00:00-04:00,429.6137271918364,435.47332427713997,423.4252888222868,423.9235534667969,58938100,0.0,0.0
2025-05-02 00:00:00-04:00,430.2415647531947,437.91485278651635,428.49763841940904,433.769287109375,30757400,0.0,0.0
2025-05-05 00:00:00-04:00,431.367624097433,437.97461808249534,430.6102521137275,434.65618896484375,20136100,0.0,0.0
2025-05-06 00:00:00-04:00,430.6999888667604,436.2107948487266,429.6735648726689,431.8061218261719,15104200,0.0,0.0
2025-05-07 00:00:00-04:00,432.3342674079582,436.5994115910065,429.6137314736212,431.8459777832031,23295300,0.0,0.0
2025-05-08 00:00:00-04:00,436.41007376009867,442.1301726837614,434.147963172883,436.6492614746094,23491300,0.0,0.0
2025-05-09 00:00:00-04:00,438.47291776294395,439.2103397565405,434.3672216715751,437.20733642578125,15324200,0.0,0.0
2025-05-12 00:00:00-04:00,444.3922601902366,447.8103482497994,438.2536363054134,447.70074462890625,22821900,0.0,0.0
2025-05-13 00:00:00-04:00,446.22591154405814,449.1058959658508,443.8142971336702,447.5812072753906,23618800,0.0,0.0
2025-05-14 00:00:00-04:00,446.5846525094385,452.32464056421765,446.5846525094385,451.36798095703125,19902800,0.0,0.0
2025-05-15 00:00:00-04:00,450.0301794411029,455.44129747226026,449.6907411096269,452.3863220214844,21992300,0.83,0.0
2025-05-16 00:00:00-04:00,451.30808680840903,453.6142932166669,447.99355872232604,453.5244445800781,23849800,0.0,0.0
2025-05-19 00:00:00-04:00,450.14000552921704,458.83570185482216,450.0601197660991,458.11688232421875,21336500,0.0,0.0
2025-05-20 00:00:00-04:00,454.8422775622727,457.58776423526933,453.57437286704067,457.4180603027344,15441800,0.0,0.0
2025-05-21 00:00:00-04:00,453.8239575485261,457.02868069868646,451.06847756848606,451.8272399902344,19216900,0.0,0.0
2025-05-22 00:00:00-04:00,454.2033434579146,459.49463285512667,453.1550484484722,454.11346435546875,18025600,0.0,0.0
2025-05-23 00:00:00-04:00,449.24150862772166,452.94541128469075,448.17325738802526,449.441162109375,16883500,0.0,0.0
2025-05-27 00:00:00-04:00,455.7308170830738,460.19348195260824,455.3713920868909,459.93389892578125,20974300,0.0,0.0
2025-05-28 00:00:00-04:00,460.4630558858422,461.7609101640183,456.1800880198718,456.609375,17086300,0.0,0.0
2025-05-29 00:00:00-04:00,460.79250051058557,460.9622349154345,454.56275123248776,457.9272155761719,13974800,0.0,0.0
2025-05-30 00:00:00-04:00,458.96549737927586,460.9222720478794,454.79236501090486,459.60443115234375,34770500,0.0,0.0
2025-06-02 00:00:00-04:00,456.3897628439735,461.35157690062545,456.1401731404802,461.2118225097656,16626500,0.0,0.0
2025-06-03 00:00:00-04:00,460.7126363614999,463.3782677615003,460.1036216507913,462.2101745605469,15743800,0.0,0.0
2025-06-04 00:00:00-04:00,463.2384646092932,464.9256933509807,462.2600620562611,463.1086730957031,14162700,0.0,0.0
2025-06-05 00:00:00-04:00,464.1968775224098,468.8791825139859,463.26841119380083,466.91241455078125,20131700,0.0,0.0
2025-06-06 00:00:00-04:00,469.31846913564885,472.56313512848675,468.0106215882427,469.6080017089844,15285600,0.0,0.0
2025-06-09 00:00:00-04:00,468.92913895110996,472.6529977632414,467.8508943889836,471.97412109375,16469900,0.0,0.0
2025-06-10 00:00:00-04:00,470.4166711436691,472.02401413852874,466.19360257943936,470.1471252441406,15375900,0.0,0.0
2025-06-11 00:00:00-04:00,469.24859086789724,474.68965849935887,468.88919632531986,471.8443298339844,16399200,0.0,0.0
2025-06-12 00:00:00-04:00,474.2403884361742,479.6315503555016,472.7428502291372,478.0840759277344,18950600,0.0,0.0
2025-06-13 00:00:00-04:00,475.62811338522215,478.3935562569989,471.98410990605987,474.18048095703125,16814500,0.0,0.0
2025-06-16 00:00:00-04:00,474.4300645574067,479.90108160832807,474.2204177457221,478.3536376953125,15626100,0.0,0.0
2025-06-17 00:00:00-04:00,474.6197503672441,477.9542649832925,473.30190948641297,477.25543212890625,15414100,0.0,0.0
2025-06-18 00:00:00-04:00,477.21549881727225,480.2105751696819,473.68130019053103,479.4518127441406,17526500,0.0,0.0
2025-06-20 00:00:00-04:00,481.4385756672578,482.666537493529,476.0873566497709,476.6164855957031,37576200,0.0,0.0
2025-06-23 00:00:00-04:00,477.425138713905,486.94948990747275,471.7345120072702,485.2023620605469,24864000,0.0,0.0
2025-06-24 00:00:00-04:00,488.1475336634371,491.0427680081874,486.0010379300524,489.30560302734375,22305600,0.0,0.0
2025-06-25 00:00:00-04:00,491.2324636297239,493.7483167920849,488.58681895090325,491.4620666503906,17495100,0.0,0.0
2025-06-26 00:00:00-04:00,492.1709105807123,497.2226034494893,492.0011761864687,496.6335754394531,21578900,0.0,0.0
2025-06-27 00:00:00-04:00,496.73341116664807,498.4805390751374,492.22084033701867,495.1260681152344,34539200,0.0,0.0
2025-06-30 00:00:00-04:00,496.22427056302723,499.9381665482639,494.51705506439515,496.5936584472656,28369000,0.0,0.0
2025-07-01 00:00:00-04:00,495.655190908974,497.2325843953567,490.1742108879921,491.242431640625,19945400,0.0,0.0
2025-07-02 00:00:00-04:00,489.1858263089447,492.69007550131784,487.8979653734086,490.2840270996094,16319600,0.0,0.0
2025-07-03 00:00:00-04:00,492.99955771280014,499.3091926553608,492.6301698307581,498.02130126953125,13984800,0.0,0.0
2025-07-07 00:00:00-04:00,496.56369887519327,497.9314455400232,494.41723357438383,496.90313720703125,13981600,0.0,0.0
2025-07-08 00:00:00-04:00,496.42390920841734,497.3823555722493,493.2990413573122,495.804931640625,11846600,0.0,0.0
2025-07-09 00:00:00-04:00,499.47890106455674,505.94827712953634,498.919822567675,502.68365478515625,18659500,0.0,0.0
2025-07-10 00:00:00-04:00,502.22438258392543,503.6121159415126,496.93309312638246,500.656982421875,16492100,0.0,0.0
2025-07-11 00:00:00-04:00,497.6519112557523,504.20114253320645,496.9829974553982,502.49395751953125,16459500,0.0,0.0
2025-07-14 00:00:00-04:00,500.6968893054946,503.14288052756655,500.20770324807717,502.1944274902344,12058800,0.0,0.0
2025-07-15 00:00:00-04:00,502.19441482497484,507.465747883617,501.9648118083004,504.9898376464844,14927200,0.0,0.0
2025-07-16 00:00:00-04:00,504.35088083250554,505.88836188358,501.06630238508603,504.7901611328125,15154400,0.0,0.0
2025-07-17 00:00:00-04:00,504.85005963085433,512.5274410723513,504.7901605415637,510.8601989746094,17503100,0.0,0.0
2025-07-18 00:00:00-04:00,513.6356127696338,513.7953843002441,506.59719545986655,509.212890625,21209700,0.0,0.0
2025-07-21 00:00:00-04:00,505.8783619126309,511.24956741731427,504.7202620876888,509.2228698730469,14066800,0.0,0.0
2025-07-22 00:00:00-04:00,510.13139215337156,510.3610256433726,504.44073486328125,504.44073486328125,13868600,0.0,0.0
2025-07-23 00:00:00-04:00,505.9183250285286,505.95826791167354,499.87826643817476,505.0397644042969,16396600,0.0,0.0
2025-07-24 00:00:00-04:00,507.93498157135946,512.826933461713,506.4673929575042,510.0415344238281,16107000,0.0,0.0
2025-07-25 00:00:00-04:00,511.6289272082179,517.4393829887753,509.52240467312413,512.866943359375,19125700,0.0,0.0
2025-07-28 00:00:00-04:00,513.2362984451797,514.1547714605564,509.2827757416266,511.65887451171875,14308000,0.0,0.0
2025-07-29 00:00:00-04:00,514.6839236482208,516.7704593446111,510.7204076628311,511.728759765625,16469200,0.0,0.0
2025-07-30 00:00:00-04:00,514.3244691518986,515.1032182392812,508.6038929137552,512.3976440429688,26380400,0.0,0.0
2025-07-31 00:00:00-04:00,554.3187056451394,554.5383762548963,531.0270400328567,532.6243896484375,51617300,0.0,0.0
2025-08-01 00:00:00-04:00,534.1219588686084,534.9206337229102,520.0051507892547,523.2498168945312,28977600,0.0,0.0
2025-08-04 00:00:00-04:00,527.4030257699867,537.3666271513684,527.2632409127965,534.7609252929688,25349000,0.0,0.0
2025-08-05 00:00:00-04:00,536.2983661514853,536.4181643311854,526.374677366439,526.8838500976562,19171600,0.0,0.0
2025-08-06 00:00:00-04:00,530.0287318260303,530.8274067099719,523.1700114791388,524.0784912109375,21355700,0.0,0.0
2025-08-07 00:00:00-04:00,525.9354090023164,527.2233308658066,516.7005900083886,519.9852294921875,16079100,0.0,0.0
2025-08-08 00:00:00-04:00,521.7423060527517,523.7989228282858,518.5575389118288,521.1832275390625,15531000,0.0,0.0
2025-08-11 00:00:00-04:00,521.4427947726738,526.7241518809952,518.8670119786243,520.9136962890625,20194400,0.0,0.0
2025-08-12 00:00:00-04:00,522.8904188907295,530.1085334795151,521.8421543429575,528.3713989257812,18667000,0.0,0.0
2025-08-13 00:00:00-04:00,531.236692379076,531.825750889051,518.5176108745642,519.7256469726562,19619200,0.0,0.0
2025-08-14 00:00:00-04:00,521.7023833261101,525.0868343553949,519.2863720398742,521.6224975585938,20269100,0.0,0.0
2025-08-15 00:00:00-04:00,521.9120536418995,525.2365445998882,518.2281072023833,519.3162841796875,25213300,0.0,0.0
2025-08-18 00:00:00-04:00,520.7339636806648,521.9619254356152,513.176380682391,516.2512817382812,23760600,0.0,0.0
2025-08-19 00:00:00-04:00,514.1547770514178,514.314487646487,507.7153506663982,508.933349609375,21481000,0.0,0.0
2025-08-20 00:00:00-04:00,509.0331975839143,510.161347905157,503.6121166003689,504.8900146484375,27723000,0.0,0.0
2025-08-21 00:00:00-04:00,503.69000244140625,507.6300048828125,502.7200012207031,504.239990234375,18443300,0.83,0.0
2025-08-22 00:00:00-04:00,504.25,510.7300109863281,502.4100036621094,507.2300109863281,24324200,0.0,0.0
2025-08-25 00:00:00-04:00,506.6300048828125,508.19000244140625,504.1199951171875,504.260009765625,21638600,0.0,0.0
2025-08-26 00:00:00-04:00,504.3599853515625,504.9800109863281,498.510009765625,502.0400085449219,30835700,0.0,0.0
2025-08-27 00:00:00-04:00,502.0,507.2900085449219,499.8999938964844,506.739990234375,17277900,0.0,0.0
2025-08-28 00:00:00-04:00,507.0899963378906,511.0899963378906,505.5,509.6400146484375,18015600,0.0,0.0
2025-08-29 00:00:00-04:00,508.6600036621094,509.6000061035156,504.489990234375,506.69000244140625,20961600,0.0,0.0
2025-09-02 00:00:00-04:00,500.4700012207031,506.0,496.80999755859375,505.1199951171875,18128000,0.0,0.0
2025-09-03 00:00:00-04:00,503.7900085449219,507.7900085449219,502.32000732421875,505.3500061035156,16345100,0.0,0.0
2025-09-04 00:00:00-04:00,504.29998779296875,508.1499938964844,503.1499938964844,507.9700012207031,15509500,0.0,0.0
2025-09-05 00:00:00-04:00,509.07000732421875,511.9700012207031,492.3699951171875,495.0,31994800,0.0,0.0
2025-09-08 00:00:00-04:00,498.1099853515625,501.20001220703125,495.0299987792969,498.20001220703125,16771000,0.0,0.0
2025-09-09 00:00:00-04:00,501.42999267578125,502.25,497.70001220703125,498.4100036621094,14410500,0.0,0.0
2025-09-10 00:00:00-04:00,502.9800109863281,503.2300109863281,496.7200012207031,500.3699951171875,21611800,0.0,0.0
2025-09-11 00:00:00-04:00,502.25,503.1700134277344,497.8800048828125,501.010009765625,18881600,0.0,0.0
2025-09-12 00:00:00-04:00,506.6499938964844,512.5499877929688,503.8500061035156,509.8999938964844,23624900,0.0,0.0
2025-09-15 00:00:00-04:00,508.7900085449219,515.469970703125,507.0,515.3599853515625,17143800,0.0,0.0
2025-09-16 00:00:00-04:00,516.8800048828125,517.22998046875,508.6000061035156,509.0400085449219,19711900,0.0,0.0
2025-09-17 00:00:00-04:00,510.6199951171875,511.2900085449219,505.92999267578125,510.0199890136719,15816600,0.0,0.0
2025-09-18 00:00:00-04:00,511.489990234375,513.0700073242188,507.6600036621094,508.45001220703125,18913700,0.0,0.0
2025-09-19 00:00:00-04:00,510.55999755859375,519.2999877929688,510.30999755859375,517.9299926757812,52474100,0.0,0.0
2025-09-22 00:00:00-04:00,515.5900268554688,517.739990234375,512.5399780273438,514.4500122070312,20009300,0.0,0.0
2025-09-23 00:00:00-04:00,513.7999877929688,514.5900268554688,507.30999755859375,509.2300109863281,19799600,0.0,0.0
2025-09-24 00:00:00-04:00,510.3800048828125,512.47998046875,506.9200134277344,510.1499938964844,13533700,0.0,0.0
2025-09-25 00:00:00-04:00,508.29998779296875,510.010009765625,505.0400085449219,507.0299987792969,15786500,0.0,0.0
2025-09-26 00:00:00-04:00,510.05999755859375,513.9400024414062,506.6199951171875,511.4599914550781,16213100,0.0,0.0
2025-09-29 00:00:00-04:00,511.5,516.8499755859375,508.8800048828125,514.5999755859375,17617800,0.0,0.0
2025-09-30 00:00:00-04:00,513.239990234375,518.1599731445312,509.6600036621094,517.9500122070312,19728200,0.0,0.0
2025-10-01 00:00:00-04:00,514.7999877929688,520.510009765625,511.69000244140625,519.7100219726562,22632300,0.0,0.0
2025-10-02 00:00:00-04:00,517.6400146484375,521.5999755859375,510.67999267578125,515.739990234375,21222900,0.0,0.0
2025-10-03 00:00:00-04:00,517.0999755859375,520.489990234375,515.0,517.3499755859375,15112300,0.0,0.0
2025-10-06 00:00:00-04:00,518.6099853515625,531.030029296875,518.2000122070312,528.5700073242188,21388600,0.0,0.0
2025-10-07 00:00:00-04:00,528.2899780273438,529.7999877929688,521.4400024414062,523.97998046875,14615200,0.0,0.0
2025-10-08 00:00:00-04:00,523.280029296875,526.9500122070312,523.0900268554688,524.8499755859375,13363400,0.0,0.0
2025-10-09 00:00:00-04:00,522.3400268554688,524.3300170898438,517.4000244140625,522.4000244140625,18343600,0.0,0.0
2025-10-10 00:00:00-04:00,519.6400146484375,523.5800170898438,509.6300048828125,510.9599914550781,24133800,0.0,0.0
2025-10-13 00:00:00-04:00,516.4099731445312,516.4099731445312,511.67999267578125,514.0499877929688,14284200,0.0,0.0
2025-10-14 00:00:00-04:00,510.2300109863281,515.280029296875,506.0,513.5700073242188,14669900,0.0,0.0
2025-10-15 00:00:00-04:00,514.5549926757812,517.1799926757812,513.6799926757812,516.02001953125,3247550,0.0,0.0
